[{"model": "contenttypes.contenttype", "pk": 1, "fields": {"app_label": "admin", "model": "logentry"}}, {"model": "contenttypes.contenttype", "pk": 2, "fields": {"app_label": "auth", "model": "permission"}}, {"model": "contenttypes.contenttype", "pk": 3, "fields": {"app_label": "auth", "model": "group"}}, {"model": "contenttypes.contenttype", "pk": 4, "fields": {"app_label": "auth", "model": "user"}}, {"model": "contenttypes.contenttype", "pk": 5, "fields": {"app_label": "contenttypes", "model": "contenttype"}}, {"model": "contenttypes.contenttype", "pk": 6, "fields": {"app_label": "sessions", "model": "session"}}, {"model": "contenttypes.contenttype", "pk": 7, "fields": {"app_label": "auto", "model": "maker"}}, {"model": "contenttypes.contenttype", "pk": 8, "fields": {"app_label": "auto", "model": "person"}}, {"model": "contenttypes.contenttype", "pk": 9, "fields": {"app_label": "auto", "model": "automodel"}}, {"model": "contenttypes.contenttype", "pk": 10, "fields": {"app_label": "auto", "model": "color"}}, {"model": "contenttypes.contenttype", "pk": 11, "fields": {"app_label": "auto", "model": "advert"}}, {"model": "contenttypes.contenttype", "pk": 12, "fields": {"app_label": "auto", "model": "body"}}, {"model": "contenttypes.contenttype", "pk": 13, "fields": {"app_label": "auto", "model": "makerandmodel"}}, {"model": "sessions.session", "pk": "a3yugez08htkwbxjm90b4rlq0azdfx1o", "fields": {"session_data": "OTYxM2Y4OGJhMDJhODQ5MjM1N2EzZjliNGI5ZTE2ZTdhNjE0M2QyNDp7Il9hdXRoX3VzZXJfaWQiOiIxIiwiX2F1dGhfdXNlcl9iYWNrZW5kIjoiZGphbmdvLmNvbnRyaWIuYXV0aC5iYWNrZW5kcy5Nb2RlbEJhY2tlbmQiLCJfYXV0aF91c2VyX2hhc2giOiJlOThiYWE5N2JmYWU4ZDlmNWNlNWU1YjU3YTExMjY3MzA5NGMwMDVkIn0=", "expire_date": "2019-01-07T06:42:19.035Z"}}, {"model": "sessions.session", "pk": "jjoo1w3emoabzqynawph4lbjz7id6lue", "fields": {"session_data": "YjVkMDZmZmQwYzhkYTczZjNmYjAyMDg3MTNiYmVlMDE1ZDI2NWJhZjp7Il9hdXRoX3VzZXJfaWQiOiIyIiwiX2F1dGhfdXNlcl9iYWNrZW5kIjoiZGphbmdvLmNvbnRyaWIuYXV0aC5iYWNrZW5kcy5Nb2RlbEJhY2tlbmQiLCJfYXV0aF91c2VyX2hhc2giOiI4NDM4M2MzNDAzNzFlNDdiYzNjNjg2OTI4NDA2MGUxMjkzOWMxMWVkIn0=", "expire_date": "2019-01-29T13:49:45.467Z"}}, {"model": "sessions.session", "pk": "mc9dcqs0wjxxcxlumkq9u9jks8eghww6", "fields": {"session_data": "OTYxM2Y4OGJhMDJhODQ5MjM1N2EzZjliNGI5ZTE2ZTdhNjE0M2QyNDp7Il9hdXRoX3VzZXJfaWQiOiIxIiwiX2F1dGhfdXNlcl9iYWNrZW5kIjoiZGphbmdvLmNvbnRyaWIuYXV0aC5iYWNrZW5kcy5Nb2RlbEJhY2tlbmQiLCJfYXV0aF91c2VyX2hhc2giOiJlOThiYWE5N2JmYWU4ZDlmNWNlNWU1YjU3YTExMjY3MzA5NGMwMDVkIn0=", "expire_date": "2019-01-07T12:48:44.763Z"}}, {"model": "sessions.session", "pk": "qfhhhg6ltomrt4nnl7zzhfcxqd74s52o", "fields": {"session_data": "OTYxM2Y4OGJhMDJhODQ5MjM1N2EzZjliNGI5ZTE2ZTdhNjE0M2QyNDp7Il9hdXRoX3VzZXJfaWQiOiIxIiwiX2F1dGhfdXNlcl9iYWNrZW5kIjoiZGphbmdvLmNvbnRyaWIuYXV0aC5iYWNrZW5kcy5Nb2RlbEJhY2tlbmQiLCJfYXV0aF91c2VyX2hhc2giOiJlOThiYWE5N2JmYWU4ZDlmNWNlNWU1YjU3YTExMjY3MzA5NGMwMDVkIn0=", "expire_date": "2019-01-07T11:58:28.336Z"}}, {"model": "sessions.session", "pk": "w7y0wk4vcdtm3tyony7cyplovdixd6v6", "fields": {"session_data": "OTYxM2Y4OGJhMDJhODQ5MjM1N2EzZjliNGI5ZTE2ZTdhNjE0M2QyNDp7Il9hdXRoX3VzZXJfaWQiOiIxIiwiX2F1dGhfdXNlcl9iYWNrZW5kIjoiZGphbmdvLmNvbnRyaWIuYXV0aC5iYWNrZW5kcy5Nb2RlbEJhY2tlbmQiLCJfYXV0aF91c2VyX2hhc2giOiJlOThiYWE5N2JmYWU4ZDlmNWNlNWU1YjU3YTExMjY3MzA5NGMwMDVkIn0=", "expire_date": "2019-01-04T14:00:11.591Z"}}, {"model": "auto.maker", "pk": 1, "fields": {"name": "Audi"}}, {"model": "auto.maker", "pk": 2, "fields": {"name": "Volkswagen"}}, {"model": "auto.maker", "pk": 3, "fields": {"name": "KIA"}}, {"model": "auto.maker", "pk": 4, "fields": {"name": "Toyota"}}, {"model": "auto.maker", "pk": 5, "fields": {"name": "Lada"}}, {"model": "auto.automodel", "pk": 1, "fields": {"name": "A4"}}, {"model": "auto.automodel", "pk": 2, "fields": {"name": "Q5"}}, {"model": "auto.automodel", "pk": 3, "fields": {"name": "Polo"}}, {"model": "auto.automodel", "pk": 4, "fields": {"name": "Golf"}}, {"model": "auto.automodel", "pk": 5, "fields": {"name": "Tiguan"}}, {"model": "auto.automodel", "pk": 6, "fields": {"name": "Rio"}}, {"model": "auto.automodel", "pk": 7, "fields": {"name": "Ceed"}}, {"model": "auto.automodel", "pk": 8, "fields": {"name": "Camry"}}, {"model": "auto.automodel", "pk": 9, "fields": {"name": "Land Cruiser"}}, {"model": "auto.automodel", "pk": 10, "fields": {"name": "Kalina"}}, {"model": "auto.automodel", "pk": 11, "fields": {"name": "X-Ray"}}, {"model": "auto.body", "pk": 1, "fields": {"name": "\u0445\u044d\u0442\u0447\u0431\u0435\u043a"}}, {"model": "auto.body", "pk": 2, "fields": {"name": "\u0441\u0435\u0434\u0430\u043d"}}, {"model": "auto.body", "pk": 3, "fields": {"name": "\u0443\u043d\u0438\u0432\u0435\u0440\u0441\u0430\u043b"}}, {"model": "auto.body", "pk": 4, "fields": {"name": "\u0432\u043d\u0435\u0434\u043e\u0440\u043e\u0436\u043d\u0438\u043a"}}, {"model": "auto.body", "pk": 5, "fields": {"name": "\u043a\u0440\u043e\u0441\u0441\u043e\u0432\u0435\u0440"}}, {"model": "auto.color", "pk": 1, "fields": {"name": "yellow"}}, {"model": "auto.color", "pk": 2, "fields": {"name": "red"}}, {"model": "auto.color", "pk": 3, "fields": {"name": "blue"}}, {"model": "auto.color", "pk": 4, "fields": {"name": "green"}}, {"model": "auto.color", "pk": 5, "fields": {"name": "white"}}, {"model": "auto.color", "pk": 6, "fields": {"name": "black"}}, {"model": "auto.color", "pk": 7, "fields": {"name": "brown"}}, {"model": "auto.color", "pk": 8, "fields": {"name": "grey"}}, {"model": "auto.person", "pk": 1, "fields": {"name": "\u0412\u043e\u0440\u043e\u0431\u044c\u0435\u0432 \u0412\u043b\u0430\u0434\u0438\u043c\u0438\u0440", "phone": "+79996665544"}}, {"model": "auto.person", "pk": 2, "fields": {"name": "\u0421\u043d\u0438\u0433\u0438\u0440\u0435\u0432\u0430 \u041e\u043b\u044c\u0433\u0430", "phone": "+78884445599"}}, {"model": "auto.person", "pk": 3, "fields": {"name": "\u0413\u043e\u043b\u0443\u0431\u0435\u0432 \u0410\u043d\u0434\u0440\u0435\u0439", "phone": "+79053331221"}}, {"model": "auto.person", "pk": 4, "fields": {"name": "\u041a\u0443\u0440\u043e\u043f\u0430\u0442\u043a\u0438\u043d \u041c\u0430\u043a\u0441\u0438\u043c", "phone": "+79285557447"}}, {"model": "auto.person", "pk": 5, "fields": {"name": "\u0423\u0442\u043a\u0438\u043d \u0410\u043b\u0435\u043a\u0441\u0435\u0439", "phone": "+79896162233"}}, {"model": "auth.permission", "pk": 1, "fields": {"name": "Can add log entry", "content_type": 1, "codename": "add_logentry"}}, {"model": "auth.permission", "pk": 2, "fields": {"name": "Can change log entry", "content_type": 1, "codename": "change_logentry"}}, {"model": "auth.permission", "pk": 3, "fields": {"name": "Can delete log entry", "content_type": 1, "codename": "delete_logentry"}}, {"model": "auth.permission", "pk": 4, "fields": {"name": "Can view log entry", "content_type": 1, "codename": "view_logentry"}}, {"model": "auth.permission", "pk": 5, "fields": {"name": "Can add permission", "content_type": 2, "codename": "add_permission"}}, {"model": "auth.permission", "pk": 6, "fields": {"name": "Can change permission", "content_type": 2, "codename": "change_permission"}}, {"model": "auth.permission", "pk": 7, "fields": {"name": "Can delete permission", "content_type": 2, "codename": "delete_permission"}}, {"model": "auth.permission", "pk": 8, "fields": {"name": "Can view permission", "content_type": 2, "codename": "view_permission"}}, {"model": "auth.permission", "pk": 9, "fields": {"name": "Can add group", "content_type": 3, "codename": "add_group"}}, {"model": "auth.permission", "pk": 10, "fields": {"name": "Can change group", "content_type": 3, "codename": "change_group"}}, {"model": "auth.permission", "pk": 11, "fields": {"name": "Can delete group", "content_type": 3, "codename": "delete_group"}}, {"model": "auth.permission", "pk": 12, "fields": {"name": "Can view group", "content_type": 3, "codename": "view_group"}}, {"model": "auth.permission", "pk": 13, "fields": {"name": "Can add user", "content_type": 4, "codename": "add_user"}}, {"model": "auth.permission", "pk": 14, "fields": {"name": "Can change user", "content_type": 4, "codename": "change_user"}}, {"model": "auth.permission", "pk": 15, "fields": {"name": "Can delete user", "content_type": 4, "codename": "delete_user"}}, {"model": "auth.permission", "pk": 16, "fields": {"name": "Can view user", "content_type": 4, "codename": "view_user"}}, {"model": "auth.permission", "pk": 17, "fields": {"name": "Can add content type", "content_type": 5, "codename": "add_contenttype"}}, {"model": "auth.permission", "pk": 18, "fields": {"name": "Can change content type", "content_type": 5, "codename": "change_contenttype"}}, {"model": "auth.permission", "pk": 19, "fields": {"name": "Can delete content type", "content_type": 5, "codename": "delete_contenttype"}}, {"model": "auth.permission", "pk": 20, "fields": {"name": "Can view content type", "content_type": 5, "codename": "view_contenttype"}}, {"model": "auth.permission", "pk": 21, "fields": {"name": "Can add session", "content_type": 6, "codename": "add_session"}}, {"model": "auth.permission", "pk": 22, "fields": {"name": "Can change session", "content_type": 6, "codename": "change_session"}}, {"model": "auth.permission", "pk": 23, "fields": {"name": "Can delete session", "content_type": 6, "codename": "delete_session"}}, {"model": "auth.permission", "pk": 24, "fields": {"name": "Can view session", "content_type": 6, "codename": "view_session"}}, {"model": "auth.permission", "pk": 25, "fields": {"name": "Can add maker", "content_type": 7, "codename": "add_maker"}}, {"model": "auth.permission", "pk": 26, "fields": {"name": "Can change maker", "content_type": 7, "codename": "change_maker"}}, {"model": "auth.permission", "pk": 27, "fields": {"name": "Can delete maker", "content_type": 7, "codename": "delete_maker"}}, {"model": "auth.permission", "pk": 28, "fields": {"name": "Can view maker", "content_type": 7, "codename": "view_maker"}}, {"model": "auth.permission", "pk": 29, "fields": {"name": "Can add person", "content_type": 8, "codename": "add_person"}}, {"model": "auth.permission", "pk": 30, "fields": {"name": "Can change person", "content_type": 8, "codename": "change_person"}}, {"model": "auth.permission", "pk": 31, "fields": {"name": "Can delete person", "content_type": 8, "codename": "delete_person"}}, {"model": "auth.permission", "pk": 32, "fields": {"name": "Can view person", "content_type": 8, "codename": "view_person"}}, {"model": "auth.permission", "pk": 33, "fields": {"name": "Can add auto model", "content_type": 9, "codename": "add_automodel"}}, {"model": "auth.permission", "pk": 34, "fields": {"name": "Can change auto model", "content_type": 9, "codename": "change_automodel"}}, {"model": "auth.permission", "pk": 35, "fields": {"name": "Can delete auto model", "content_type": 9, "codename": "delete_automodel"}}, {"model": "auth.permission", "pk": 36, "fields": {"name": "Can view auto model", "content_type": 9, "codename": "view_automodel"}}, {"model": "auth.permission", "pk": 37, "fields": {"name": "Can add color", "content_type": 10, "codename": "add_color"}}, {"model": "auth.permission", "pk": 38, "fields": {"name": "Can change color", "content_type": 10, "codename": "change_color"}}, {"model": "auth.permission", "pk": 39, "fields": {"name": "Can delete color", "content_type": 10, "codename": "delete_color"}}, {"model": "auth.permission", "pk": 40, "fields": {"name": "Can view color", "content_type": 10, "codename": "view_color"}}, {"model": "auth.permission", "pk": 41, "fields": {"name": "Can add advert", "content_type": 11, "codename": "add_advert"}}, {"model": "auth.permission", "pk": 42, "fields": {"name": "Can change advert", "content_type": 11, "codename": "change_advert"}}, {"model": "auth.permission", "pk": 43, "fields": {"name": "Can delete advert", "content_type": 11, "codename": "delete_advert"}}, {"model": "auth.permission", "pk": 44, "fields": {"name": "Can view advert", "content_type": 11, "codename": "view_advert"}}, {"model": "auth.permission", "pk": 45, "fields": {"name": "Can add body", "content_type": 12, "codename": "add_body"}}, {"model": "auth.permission", "pk": 46, "fields": {"name": "Can change body", "content_type": 12, "codename": "change_body"}}, {"model": "auth.permission", "pk": 47, "fields": {"name": "Can delete body", "content_type": 12, "codename": "delete_body"}}, {"model": "auth.permission", "pk": 48, "fields": {"name": "Can view body", "content_type": 12, "codename": "view_body"}}, {"model": "auth.permission", "pk": 49, "fields": {"name": "Can add maker and model", "content_type": 13, "codename": "add_makerandmodel"}}, {"model": "auth.permission", "pk": 50, "fields": {"name": "Can change maker and model", "content_type": 13, "codename": "change_makerandmodel"}}, {"model": "auth.permission", "pk": 51, "fields": {"name": "Can delete maker and model", "content_type": 13, "codename": "delete_makerandmodel"}}, {"model": "auth.permission", "pk": 52, "fields": {"name": "Can view maker and model", "content_type": 13, "codename": "view_makerandmodel"}}, {"model": "auth.group", "pk": 1, "fields": {"name": "ChangeAdvertMembers", "permissions": [42, 44]}}, {"model": "auth.group", "pk": 2, "fields": {"name": "SeeAdvertMembers", "permissions": [42, 44]}}, {"model": "auth.user", "pk": 1, "fields": {"password": "pbkdf2_sha256$120000$D74QT7vngkQH$ugEQgzIcS0vbjjAfsNTNHkqeJ5VzNt0PYniLhzbkPHg=", "last_login": "2019-01-15T13:48:40.120Z", "is_superuser": true, "username": "lera", "first_name": "", "last_name": "", "email": "", "is_staff": true, "is_active": true, "date_joined": "2018-12-21T13:59:54.956Z", "groups": [], "user_permissions": []}}, {"model": "auth.user", "pk": 2, "fields": {"password": "pbkdf2_sha256$120000$TSF0As9plzFl$OU1+fC94Pj5GJvLlaAXw+281d32HX4mWBOTbxmvp+D8=", "last_login": "2019-01-15T13:49:45.458Z", "is_superuser": false, "username": "John", "first_name": "", "last_name": "", "email": "", "is_staff": true, "is_active": true, "date_joined": "2018-12-28T08:48:41Z", "groups": [2], "user_permissions": []}}, {"model": "auth.user", "pk": 3, "fields": {"password": "pbkdf2_sha256$120000$OoeY2SshxSBc$KDHyBDeZk4tMSwFtMIIVdtZzRJv+WxqboAnKjfQetEE=", "last_login": "2019-01-14T12:57:15.125Z", "is_superuser": false, "username": "Bob", "first_name": "", "last_name": "", "email": "", "is_staff": true, "is_active": true, "date_joined": "2018-12-29T10:48:54Z", "groups": [1], "user_permissions": []}}, {"model": "auth.user", "pk": 4, "fields": {"password": "pbkdf2_sha256$120000$Z41qgC26sRFd$1YwDBAOogYrSHJlExFeR+sW56X5v4MsRxPHKlmWHgsE=", "last_login": "2019-01-14T09:30:57.067Z", "is_superuser": false, "username": "Elizabeth", "first_name": "", "last_name": "", "email": "", "is_staff": false, "is_active": true, "date_joined": "2018-12-29T10:51:57.297Z", "groups": [], "user_permissions": []}}, {"model": "auth.user", "pk": 5, "fields": {"password": "pbkdf2_sha256$120000$a7lp8h47km1P$EJhxutD1RxKZkOL2BLNejTdoiAzaVhqL3QGTGrzdqfE=", "last_login": "2018-12-29T10:53:29.743Z", "is_superuser": false, "username": "Kim", "first_name": "", "last_name": "", "email": "", "is_staff": false, "is_active": true, "date_joined": "2018-12-29T10:53:29.426Z", "groups": [], "user_permissions": []}}, {"model": "auto.advert", "pk": 2, "fields": {"maker": 1, "automodel": 1, "body": 2, "color": 6, "ad_user": 5, "year": 2004, "day": "2018-11-04", "price": 514000, "pic": "user_pic/4e92eeab1ffde.jpeg", "phone": "+79996665544", "status": true}}, {"model": "auto.advert", "pk": 3, "fields": {"maker": 1, "automodel": 2, "body": 5, "color": 5, "ad_user": 1, "year": 2012, "day": "2019-01-14", "price": 1006000, "pic": "user_pic/e60ef9b6ef3e49a09b123bb418442c17.png", "phone": "+79896162233", "status": false}}, {"model": "auto.advert", "pk": 4, "fields": {"maker": 2, "automodel": 3, "body": 2, "color": 2, "ad_user": 2, "year": 2009, "day": "2018-11-24", "price": 340000, "pic": "", "phone": "+79285557447", "status": true}}, {"model": "auto.advert", "pk": 5, "fields": {"maker": 2, "automodel": 5, "body": 5, "color": 7, "ad_user": 5, "year": 2012, "day": "2018-12-02", "price": 820000, "pic": "user_pic/img.png", "phone": "+79996665544", "status": true}}, {"model": "auto.advert", "pk": 6, "fields": {"maker": 2, "automodel": 4, "body": 1, "color": 7, "ad_user": 3, "year": 2013, "day": "2018-12-02", "price": 490000, "pic": "", "phone": "+79053331221", "status": false}}, {"model": "auto.advert", "pk": 7, "fields": {"maker": 3, "automodel": 7, "body": 3, "color": 7, "ad_user": 3, "year": 2011, "day": "2018-12-05", "price": 672000, "pic": "user_pic/73_car.jpg", "phone": "+79053331221", "status": true}}, {"model": "auto.advert", "pk": 8, "fields": {"maker": 4, "automodel": 8, "body": 2, "color": 5, "ad_user": 4, "year": 2011, "day": "2018-12-20", "price": 953000, "pic": "user_pic/2017-09_Camry_2WD_Sedan_6AT_PET_Ascent_A0_2V62140A0FA20040_e360_013.png", "phone": "+78884445599", "status": true}}, {"model": "auto.advert", "pk": 9, "fields": {"maker": 4, "automodel": 9, "body": 4, "color": 6, "ad_user": 4, "year": 2013, "day": "2018-12-05", "price": 1012000, "pic": "", "phone": "+78884445599", "status": true}}, {"model": "auto.advert", "pk": 10, "fields": {"maker": 5, "automodel": 10, "body": 1, "color": 3, "ad_user": 2, "year": 2010, "day": "2018-11-29", "price": 301000, "pic": "", "phone": "+79285557447", "status": true}}, {"model": "auto.advert", "pk": 13, "fields": {"maker": 5, "automodel": 11, "body": 5, "color": 4, "ad_user": 2, "year": 2016, "day": "2018-12-26", "price": 709000, "pic": "", "phone": "+79285557447", "status": true}}, {"model": "auto.advert", "pk": 17, "fields": {"maker": 1, "automodel": 1, "body": 2, "color": 8, "ad_user": 1, "year": 2016, "day": "2019-01-14", "price": 909000, "pic": "user_pic/2018-audi-a4-20-tfsi-komfort.png", "phone": "+79896162233", "status": true}}, {"model": "auto.advert", "pk": 20, "fields": {"maker": 3, "automodel": 6, "body": 5, "color": 5, "ad_user": 5, "year": 2012, "day": "2018-12-29", "price": 602000, "pic": "user_pic/clip_image0032_KbaaTgz.jpg", "phone": "+79996665544", "status": true}}, {"model": "admin.logentry", "pk": 1, "fields": {"action_time": "2018-12-24T06:52:27.700Z", "user": 1, "content_type": 10, "object_id": "1", "object_repr": "yellow", "action_flag": 1, "change_message": "[{\"added\": {}}]"}}, {"model": "admin.logentry", "pk": 2, "fields": {"action_time": "2018-12-24T06:52:33.898Z", "user": 1, "content_type": 10, "object_id": "1", "object_repr": "yellow", "action_flag": 2, "change_message": "[]"}}, {"model": "admin.logentry", "pk": 3, "fields": {"action_time": "2018-12-24T06:52:40.337Z", "user": 1, "content_type": 10, "object_id": "2", "object_repr": "red", "action_flag": 1, "change_message": "[{\"added\": {}}]"}}, {"model": "admin.logentry", "pk": 4, "fields": {"action_time": "2018-12-24T06:52:58.413Z", "user": 1, "content_type": 12, "object_id": "1", "object_repr": "\u0445\u044d\u0442\u0447\u0431\u0435\u043a", "action_flag": 1, "change_message": "[{\"added\": {}}]"}}, {"model": "admin.logentry", "pk": 5, "fields": {"action_time": "2018-12-24T06:53:02.400Z", "user": 1, "content_type": 12, "object_id": "2", "object_repr": "\u0441\u0435\u0434\u0430\u043d", "action_flag": 1, "change_message": "[{\"added\": {}}]"}}, {"model": "admin.logentry", "pk": 6, "fields": {"action_time": "2018-12-24T06:53:06.568Z", "user": 1, "content_type": 12, "object_id": "3", "object_repr": "\u0443\u043d\u0438\u0432\u0435\u0440\u0441\u0430\u043b", "action_flag": 1, "change_message": "[{\"added\": {}}]"}}, {"model": "admin.logentry", "pk": 7, "fields": {"action_time": "2018-12-24T07:13:45.958Z", "user": 1, "content_type": 12, "object_id": "4", "object_repr": "\u0432\u043d\u0435\u0434\u043e\u0440\u043e\u0436\u043d\u0438\u043a", "action_flag": 1, "change_message": "[{\"added\": {}}]"}}, {"model": "admin.logentry", "pk": 8, "fields": {"action_time": "2018-12-24T07:14:13.890Z", "user": 1, "content_type": 12, "object_id": "5", "object_repr": "\u043a\u0440\u043e\u0441\u0441\u043e\u0432\u0435\u0440", "action_flag": 1, "change_message": "[{\"added\": {}}]"}}, {"model": "admin.logentry", "pk": 9, "fields": {"action_time": "2018-12-24T07:14:36.788Z", "user": 1, "content_type": 10, "object_id": "3", "object_repr": "blue", "action_flag": 1, "change_message": "[{\"added\": {}}]"}}, {"model": "admin.logentry", "pk": 10, "fields": {"action_time": "2018-12-24T07:14:41.450Z", "user": 1, "content_type": 10, "object_id": "4", "object_repr": "green", "action_flag": 1, "change_message": "[{\"added\": {}}]"}}, {"model": "admin.logentry", "pk": 11, "fields": {"action_time": "2018-12-24T07:14:47.197Z", "user": 1, "content_type": 10, "object_id": "5", "object_repr": "white", "action_flag": 1, "change_message": "[{\"added\": {}}]"}}, {"model": "admin.logentry", "pk": 12, "fields": {"action_time": "2018-12-24T07:14:52.558Z", "user": 1, "content_type": 10, "object_id": "6", "object_repr": "black", "action_flag": 1, "change_message": "[{\"added\": {}}]"}}, {"model": "admin.logentry", "pk": 13, "fields": {"action_time": "2018-12-24T07:14:57.443Z", "user": 1, "content_type": 10, "object_id": "7", "object_repr": "brown", "action_flag": 1, "change_message": "[{\"added\": {}}]"}}, {"model": "admin.logentry", "pk": 14, "fields": {"action_time": "2018-12-24T07:15:01.819Z", "user": 1, "content_type": 10, "object_id": "8", "object_repr": "grey", "action_flag": 1, "change_message": "[{\"added\": {}}]"}}, {"model": "admin.logentry", "pk": 15, "fields": {"action_time": "2018-12-24T07:15:51.692Z", "user": 1, "content_type": 7, "object_id": "1", "object_repr": "Audi", "action_flag": 1, "change_message": "[{\"added\": {}}]"}}, {"model": "admin.logentry", "pk": 16, "fields": {"action_time": "2018-12-24T07:16:25.629Z", "user": 1, "content_type": 7, "object_id": "2", "object_repr": "Volkswagen", "action_flag": 1, "change_message": "[{\"added\": {}}]"}}, {"model": "admin.logentry", "pk": 17, "fields": {"action_time": "2018-12-24T07:16:32.862Z", "user": 1, "content_type": 7, "object_id": "3", "object_repr": "KIA", "action_flag": 1, "change_message": "[{\"added\": {}}]"}}, {"model": "admin.logentry", "pk": 18, "fields": {"action_time": "2018-12-24T07:16:42.546Z", "user": 1, "content_type": 7, "object_id": "4", "object_repr": "Toyota", "action_flag": 1, "change_message": "[{\"added\": {}}]"}}, {"model": "admin.logentry", "pk": 19, "fields": {"action_time": "2018-12-24T07:16:51.145Z", "user": 1, "content_type": 7, "object_id": "5", "object_repr": "Lada", "action_flag": 1, "change_message": "[{\"added\": {}}]"}}, {"model": "admin.logentry", "pk": 20, "fields": {"action_time": "2018-12-24T07:17:26.923Z", "user": 1, "content_type": 9, "object_id": "1", "object_repr": "A4", "action_flag": 1, "change_message": "[{\"added\": {}}]"}}, {"model": "admin.logentry", "pk": 21, "fields": {"action_time": "2018-12-24T07:17:37.233Z", "user": 1, "content_type": 9, "object_id": "2", "object_repr": "Q5", "action_flag": 1, "change_message": "[{\"added\": {}}]"}}, {"model": "admin.logentry", "pk": 22, "fields": {"action_time": "2018-12-24T07:18:14.593Z", "user": 1, "content_type": 9, "object_id": "3", "object_repr": "Polo", "action_flag": 1, "change_message": "[{\"added\": {}}]"}}, {"model": "admin.logentry", "pk": 23, "fields": {"action_time": "2018-12-24T07:18:22.608Z", "user": 1, "content_type": 9, "object_id": "4", "object_repr": "Golf", "action_flag": 1, "change_message": "[{\"added\": {}}]"}}, {"model": "admin.logentry", "pk": 24, "fields": {"action_time": "2018-12-24T07:19:14.236Z", "user": 1, "content_type": 9, "object_id": "5", "object_repr": "Tiguan", "action_flag": 1, "change_message": "[{\"added\": {}}]"}}, {"model": "admin.logentry", "pk": 25, "fields": {"action_time": "2018-12-24T07:19:36.201Z", "user": 1, "content_type": 9, "object_id": "6", "object_repr": "Rio", "action_flag": 1, "change_message": "[{\"added\": {}}]"}}, {"model": "admin.logentry", "pk": 26, "fields": {"action_time": "2018-12-24T07:19:43.012Z", "user": 1, "content_type": 9, "object_id": "7", "object_repr": "Ceed", "action_flag": 1, "change_message": "[{\"added\": {}}]"}}, {"model": "admin.logentry", "pk": 27, "fields": {"action_time": "2018-12-24T07:20:01.917Z", "user": 1, "content_type": 9, "object_id": "8", "object_repr": "Camry", "action_flag": 1, "change_message": "[{\"added\": {}}]"}}, {"model": "admin.logentry", "pk": 28, "fields": {"action_time": "2018-12-24T07:20:18.293Z", "user": 1, "content_type": 9, "object_id": "9", "object_repr": "Land Cruiser", "action_flag": 1, "change_message": "[{\"added\": {}}]"}}, {"model": "admin.logentry", "pk": 29, "fields": {"action_time": "2018-12-24T07:20:30.922Z", "user": 1, "content_type": 9, "object_id": "10", "object_repr": "Kalina", "action_flag": 1, "change_message": "[{\"added\": {}}]"}}, {"model": "admin.logentry", "pk": 30, "fields": {"action_time": "2018-12-24T07:20:40.355Z", "user": 1, "content_type": 9, "object_id": "11", "object_repr": "X-Ray", "action_flag": 1, "change_message": "[{\"added\": {}}]"}}, {"model": "admin.logentry", "pk": 31, "fields": {"action_time": "2018-12-24T07:22:08.349Z", "user": 1, "content_type": 8, "object_id": "1", "object_repr": "\u0412\u043e\u0440\u043e\u0431\u044c\u0435\u0432 \u0412\u043b\u0430\u0434\u0438\u043c\u0438\u0440", "action_flag": 1, "change_message": "[{\"added\": {}}]"}}, {"model": "admin.logentry", "pk": 32, "fields": {"action_time": "2018-12-24T07:22:50.046Z", "user": 1, "content_type": 8, "object_id": "2", "object_repr": "\u0421\u043d\u0438\u0433\u0438\u0440\u0435\u0432\u0430 \u041e\u043b\u044c\u0433\u0430", "action_flag": 1, "change_message": "[{\"added\": {}}]"}}, {"model": "admin.logentry", "pk": 33, "fields": {"action_time": "2018-12-24T07:23:32.854Z", "user": 1, "content_type": 8, "object_id": "3", "object_repr": "\u0413\u043e\u043b\u0443\u0431\u0435\u0432 \u0410\u043d\u0434\u0440\u0435\u0439", "action_flag": 1, "change_message": "[{\"added\": {}}]"}}, {"model": "admin.logentry", "pk": 34, "fields": {"action_time": "2018-12-24T07:24:06.033Z", "user": 1, "content_type": 8, "object_id": "4", "object_repr": "\u041a\u0443\u0440\u043e\u043f\u0430\u0442\u043a\u0438\u043d \u041c\u0430\u043a\u0441\u0438\u043c", "action_flag": 1, "change_message": "[{\"added\": {}}]"}}, {"model": "admin.logentry", "pk": 35, "fields": {"action_time": "2018-12-24T07:24:34.242Z", "user": 1, "content_type": 8, "object_id": "5", "object_repr": "\u0423\u0442\u043a\u0438\u043d \u0410\u043b\u0435\u043a\u0441\u0435\u0439", "action_flag": 1, "change_message": "[{\"added\": {}}]"}}, {"model": "admin.logentry", "pk": 36, "fields": {"action_time": "2018-12-24T07:32:47.909Z", "user": 1, "content_type": 11, "object_id": "2", "object_repr": "2018-11-04 514000", "action_flag": 1, "change_message": "[{\"added\": {}}]"}}, {"model": "admin.logentry", "pk": 37, "fields": {"action_time": "2018-12-24T07:33:18.014Z", "user": 1, "content_type": 11, "object_id": "2", "object_repr": "2018-11-04 514000", "action_flag": 2, "change_message": "[{\"changed\": {\"fields\": [\"ad_user\"]}}]"}}, {"model": "admin.logentry", "pk": 38, "fields": {"action_time": "2018-12-24T07:41:22.761Z", "user": 1, "content_type": 11, "object_id": "3", "object_repr": "2018-11-22 1006000", "action_flag": 1, "change_message": "[{\"added\": {}}]"}}, {"model": "admin.logentry", "pk": 39, "fields": {"action_time": "2018-12-24T07:43:03.427Z", "user": 1, "content_type": 11, "object_id": "4", "object_repr": "2018-11-24 340000", "action_flag": 1, "change_message": "[{\"added\": {}}]"}}, {"model": "admin.logentry", "pk": 40, "fields": {"action_time": "2018-12-24T07:44:46.312Z", "user": 1, "content_type": 11, "object_id": "5", "object_repr": "2018-12-02 420000", "action_flag": 1, "change_message": "[{\"added\": {}}]"}}, {"model": "admin.logentry", "pk": 41, "fields": {"action_time": "2018-12-24T07:45:30.429Z", "user": 1, "content_type": 11, "object_id": "5", "object_repr": "2018-12-02 820000", "action_flag": 2, "change_message": "[{\"changed\": {\"fields\": [\"automodel\", \"price\"]}}]"}}, {"model": "admin.logentry", "pk": 42, "fields": {"action_time": "2018-12-24T07:46:16.764Z", "user": 1, "content_type": 11, "object_id": "6", "object_repr": "2018-12-02 490000", "action_flag": 1, "change_message": "[{\"added\": {}}]"}}, {"model": "admin.logentry", "pk": 43, "fields": {"action_time": "2018-12-24T07:48:08.841Z", "user": 1, "content_type": 11, "object_id": "7", "object_repr": "2018-12-05 672000", "action_flag": 1, "change_message": "[{\"added\": {}}]"}}, {"model": "admin.logentry", "pk": 44, "fields": {"action_time": "2018-12-24T07:53:34.082Z", "user": 1, "content_type": 11, "object_id": "8", "object_repr": "2018-12-20 953000", "action_flag": 1, "change_message": "[{\"added\": {}}]"}}, {"model": "admin.logentry", "pk": 45, "fields": {"action_time": "2018-12-24T07:54:42.239Z", "user": 1, "content_type": 11, "object_id": "9", "object_repr": "2018-12-05 1012000", "action_flag": 1, "change_message": "[{\"added\": {}}]"}}, {"model": "admin.logentry", "pk": 46, "fields": {"action_time": "2018-12-24T07:55:38.937Z", "user": 1, "content_type": 11, "object_id": "10", "object_repr": "2018-11-29 301000", "action_flag": 1, "change_message": "[{\"added\": {}}]"}}, {"model": "admin.logentry", "pk": 47, "fields": {"action_time": "2018-12-24T11:04:26.692Z", "user": 1, "content_type": 11, "object_id": "10", "object_repr": "2018-11-29 301000", "action_flag": 2, "change_message": "[{\"changed\": {\"fields\": [\"maker\"]}}]"}}, {"model": "admin.logentry", "pk": 48, "fields": {"action_time": "2018-12-24T11:04:34.146Z", "user": 1, "content_type": 11, "object_id": "9", "object_repr": "2018-12-05 1012000", "action_flag": 2, "change_message": "[{\"changed\": {\"fields\": [\"maker\"]}}]"}}, {"model": "admin.logentry", "pk": 49, "fields": {"action_time": "2018-12-24T11:04:47.485Z", "user": 1, "content_type": 11, "object_id": "8", "object_repr": "2018-12-20 953000", "action_flag": 2, "change_message": "[{\"changed\": {\"fields\": [\"maker\"]}}]"}}, {"model": "admin.logentry", "pk": 50, "fields": {"action_time": "2018-12-24T11:04:53.998Z", "user": 1, "content_type": 11, "object_id": "7", "object_repr": "2018-12-05 672000", "action_flag": 2, "change_message": "[{\"changed\": {\"fields\": [\"maker\"]}}]"}}, {"model": "admin.logentry", "pk": 51, "fields": {"action_time": "2018-12-24T11:05:05.446Z", "user": 1, "content_type": 11, "object_id": "6", "object_repr": "2018-12-02 490000", "action_flag": 2, "change_message": "[{\"changed\": {\"fields\": [\"maker\"]}}]"}}, {"model": "admin.logentry", "pk": 52, "fields": {"action_time": "2018-12-24T11:05:12.355Z", "user": 1, "content_type": 11, "object_id": "5", "object_repr": "2018-12-02 820000", "action_flag": 2, "change_message": "[{\"changed\": {\"fields\": [\"maker\"]}}]"}}, {"model": "admin.logentry", "pk": 53, "fields": {"action_time": "2018-12-24T11:05:18.204Z", "user": 1, "content_type": 11, "object_id": "4", "object_repr": "2018-11-24 340000", "action_flag": 2, "change_message": "[{\"changed\": {\"fields\": [\"maker\"]}}]"}}, {"model": "admin.logentry", "pk": 54, "fields": {"action_time": "2018-12-25T08:42:01.725Z", "user": 1, "content_type": 11, "object_id": "5", "object_repr": "2018-12-02 820000", "action_flag": 2, "change_message": "[{\"changed\": {\"fields\": [\"body\"]}}]"}}, {"model": "admin.logentry", "pk": 55, "fields": {"action_time": "2018-12-26T13:04:13.811Z", "user": 1, "content_type": 11, "object_id": "12", "object_repr": "2018-12-26 709000", "action_flag": 3, "change_message": ""}}, {"model": "admin.logentry", "pk": 56, "fields": {"action_time": "2018-12-26T13:04:13.918Z", "user": 1, "content_type": 11, "object_id": "11", "object_repr": "2018-12-26 709000", "action_flag": 3, "change_message": ""}}, {"model": "admin.logentry", "pk": 57, "fields": {"action_time": "2018-12-27T08:14:01.099Z", "user": 1, "content_type": 11, "object_id": "16", "object_repr": "2018-12-27 908000", "action_flag": 3, "change_message": ""}}, {"model": "admin.logentry", "pk": 58, "fields": {"action_time": "2018-12-27T08:14:01.186Z", "user": 1, "content_type": 11, "object_id": "15", "object_repr": "2018-12-27 900000", "action_flag": 3, "change_message": ""}}, {"model": "admin.logentry", "pk": 59, "fields": {"action_time": "2018-12-27T08:14:01.228Z", "user": 1, "content_type": 11, "object_id": "14", "object_repr": "2018-12-27 1100000", "action_flag": 3, "change_message": ""}}, {"model": "admin.logentry", "pk": 60, "fields": {"action_time": "2018-12-27T10:41:03.286Z", "user": 1, "content_type": 11, "object_id": "8", "object_repr": "2018-12-20 953000", "action_flag": 2, "change_message": "[{\"changed\": {\"fields\": [\"pic\"]}}]"}}, {"model": "admin.logentry", "pk": 61, "fields": {"action_time": "2018-12-27T10:42:40.850Z", "user": 1, "content_type": 11, "object_id": "5", "object_repr": "2018-12-02 820000", "action_flag": 2, "change_message": "[{\"changed\": {\"fields\": [\"pic\"]}}]"}}, {"model": "admin.logentry", "pk": 62, "fields": {"action_time": "2018-12-27T10:49:02.937Z", "user": 1, "content_type": 11, "object_id": "3", "object_repr": "2018-11-22 1006000", "action_flag": 2, "change_message": "[{\"changed\": {\"fields\": [\"pic\"]}}]"}}, {"model": "admin.logentry", "pk": 63, "fields": {"action_time": "2018-12-27T10:49:13.733Z", "user": 1, "content_type": 11, "object_id": "2", "object_repr": "2018-11-04 514000", "action_flag": 2, "change_message": "[{\"changed\": {\"fields\": [\"pic\"]}}]"}}, {"model": "admin.logentry", "pk": 64, "fields": {"action_time": "2018-12-27T10:49:23.490Z", "user": 1, "content_type": 11, "object_id": "7", "object_repr": "2018-12-05 672000", "action_flag": 2, "change_message": "[{\"changed\": {\"fields\": [\"pic\"]}}]"}}, {"model": "admin.logentry", "pk": 65, "fields": {"action_time": "2018-12-28T08:43:00.087Z", "user": 1, "content_type": 3, "object_id": "1", "object_repr": "CarMembers", "action_flag": 1, "change_message": "[{\"added\": {}}]"}}, {"model": "admin.logentry", "pk": 66, "fields": {"action_time": "2018-12-28T08:48:41.291Z", "user": 1, "content_type": 4, "object_id": "2", "object_repr": "John", "action_flag": 1, "change_message": "[{\"added\": {}}]"}}, {"model": "admin.logentry", "pk": 67, "fields": {"action_time": "2018-12-28T08:51:17.293Z", "user": 1, "content_type": 4, "object_id": "2", "object_repr": "John", "action_flag": 2, "change_message": "[{\"changed\": {\"fields\": [\"groups\"]}}]"}}, {"model": "admin.logentry", "pk": 68, "fields": {"action_time": "2019-01-11T08:12:50.560Z", "user": 1, "content_type": 11, "object_id": "20", "object_repr": "2018-12-29 602000", "action_flag": 2, "change_message": "[{\"changed\": {\"fields\": [\"phone\"]}}]"}}, {"model": "admin.logentry", "pk": 69, "fields": {"action_time": "2019-01-11T08:13:03.142Z", "user": 1, "content_type": 11, "object_id": "5", "object_repr": "2018-12-02 820000", "action_flag": 2, "change_message": "[{\"changed\": {\"fields\": [\"phone\"]}}]"}}, {"model": "admin.logentry", "pk": 70, "fields": {"action_time": "2019-01-11T08:13:09.601Z", "user": 1, "content_type": 11, "object_id": "2", "object_repr": "2018-11-04 514000", "action_flag": 2, "change_message": "[{\"changed\": {\"fields\": [\"phone\"]}}]"}}, {"model": "admin.logentry", "pk": 71, "fields": {"action_time": "2019-01-11T08:13:30.826Z", "user": 1, "content_type": 11, "object_id": "9", "object_repr": "2018-12-05 1012000", "action_flag": 2, "change_message": "[{\"changed\": {\"fields\": [\"phone\"]}}]"}}, {"model": "admin.logentry", "pk": 72, "fields": {"action_time": "2019-01-11T08:13:36.478Z", "user": 1, "content_type": 11, "object_id": "8", "object_repr": "2018-12-20 953000", "action_flag": 2, "change_message": "[{\"changed\": {\"fields\": [\"phone\"]}}]"}}, {"model": "admin.logentry", "pk": 73, "fields": {"action_time": "2019-01-11T08:13:56.211Z", "user": 1, "content_type": 11, "object_id": "7", "object_repr": "2018-12-05 672000", "action_flag": 2, "change_message": "[{\"changed\": {\"fields\": [\"phone\"]}}]"}}, {"model": "admin.logentry", "pk": 74, "fields": {"action_time": "2019-01-11T08:14:01.386Z", "user": 1, "content_type": 11, "object_id": "6", "object_repr": "2018-12-02 490000", "action_flag": 2, "change_message": "[{\"changed\": {\"fields\": [\"phone\"]}}]"}}, {"model": "admin.logentry", "pk": 75, "fields": {"action_time": "2019-01-11T08:14:20.851Z", "user": 1, "content_type": 11, "object_id": "13", "object_repr": "2018-12-26 709000", "action_flag": 2, "change_message": "[{\"changed\": {\"fields\": [\"phone\"]}}]"}}, {"model": "admin.logentry", "pk": 76, "fields": {"action_time": "2019-01-11T08:14:25.853Z", "user": 1, "content_type": 11, "object_id": "10", "object_repr": "2018-11-29 301000", "action_flag": 2, "change_message": "[{\"changed\": {\"fields\": [\"phone\"]}}]"}}, {"model": "admin.logentry", "pk": 77, "fields": {"action_time": "2019-01-11T08:14:33.003Z", "user": 1, "content_type": 11, "object_id": "4", "object_repr": "2018-11-24 340000", "action_flag": 2, "change_message": "[{\"changed\": {\"fields\": [\"phone\"]}}]"}}, {"model": "admin.logentry", "pk": 78, "fields": {"action_time": "2019-01-11T08:14:48.352Z", "user": 1, "content_type": 11, "object_id": "17", "object_repr": "2018-12-27 909000", "action_flag": 2, "change_message": "[{\"changed\": {\"fields\": [\"phone\"]}}]"}}, {"model": "admin.logentry", "pk": 79, "fields": {"action_time": "2019-01-11T08:14:55.214Z", "user": 1, "content_type": 11, "object_id": "3", "object_repr": "2018-11-22 1006000", "action_flag": 2, "change_message": "[{\"changed\": {\"fields\": [\"phone\"]}}]"}}, {"model": "admin.logentry", "pk": 80, "fields": {"action_time": "2019-01-14T12:21:59.485Z", "user": 1, "content_type": 3, "object_id": "1", "object_repr": "ChangeAdvertMembers", "action_flag": 2, "change_message": "[{\"changed\": {\"fields\": [\"name\", \"permissions\"]}}]"}}, {"model": "admin.logentry", "pk": 81, "fields": {"action_time": "2019-01-14T12:24:32.576Z", "user": 1, "content_type": 4, "object_id": "2", "object_repr": "John", "action_flag": 2, "change_message": "[{\"changed\": {\"fields\": [\"groups\"]}}]"}}, {"model": "admin.logentry", "pk": 82, "fields": {"action_time": "2019-01-14T12:24:46.434Z", "user": 1, "content_type": 4, "object_id": "3", "object_repr": "Bob", "action_flag": 2, "change_message": "[{\"changed\": {\"fields\": [\"groups\"]}}]"}}, {"model": "admin.logentry", "pk": 83, "fields": {"action_time": "2019-01-14T12:25:58.957Z", "user": 1, "content_type": 3, "object_id": "1", "object_repr": "ChangeAdvertMembers", "action_flag": 2, "change_message": "[]"}}, {"model": "admin.logentry", "pk": 84, "fields": {"action_time": "2019-01-14T12:55:22.780Z", "user": 1, "content_type": 3, "object_id": "1", "object_repr": "ChangeAdvertMembers", "action_flag": 2, "change_message": "[]"}}, {"model": "admin.logentry", "pk": 85, "fields": {"action_time": "2019-01-14T12:55:35.908Z", "user": 1, "content_type": 4, "object_id": "3", "object_repr": "Bob", "action_flag": 2, "change_message": "[]"}}, {"model": "admin.logentry", "pk": 86, "fields": {"action_time": "2019-01-14T12:56:58.160Z", "user": 1, "content_type": 4, "object_id": "3", "object_repr": "Bob", "action_flag": 2, "change_message": "[{\"changed\": {\"fields\": [\"is_staff\"]}}]"}}, {"model": "admin.logentry", "pk": 87, "fields": {"action_time": "2019-01-15T09:09:14.037Z", "user": 1, "content_type": 3, "object_id": "2", "object_repr": "SeeAdvertMembers", "action_flag": 1, "change_message": "[{\"added\": {}}]"}}, {"model": "admin.logentry", "pk": 88, "fields": {"action_time": "2019-01-15T09:51:33.038Z", "user": 1, "content_type": 4, "object_id": "2", "object_repr": "John", "action_flag": 2, "change_message": "[{\"changed\": {\"fields\": [\"is_staff\", \"groups\"]}}]"}}, {"model": "admin.logentry", "pk": 89, "fields": {"action_time": "2019-01-15T13:48:53.637Z", "user": 1, "content_type": 3, "object_id": "2", "object_repr": "SeeAdvertMembers", "action_flag": 2, "change_message": "[{\"changed\": {\"fields\": [\"permissions\"]}}]"}}]